"Paul,Love,1980-09-21,ggonzalez@gmail.com,+48 151 978 039,2016-05-21"
"Ann,Lopez,2013-10-19,tiffanymartin@yahoo.com,+48 127 013 990,2001-07-10"
"Erin,Brooks,1964-07-28,nward@gmail.com,+48 255 991 991,2018-12-08"
"Blake,Hall,1965-02-02,wflynn@freeman-bowers.com,+48 376 933 209,2018-11-23"
"Amanda,Moran,1936-04-28,mikayla30@pitts.com,+48 948 855 510,2005-09-05"
"Hannah,Wheeler,1908-08-21,laurierodriguez@yahoo.com,+48 333 616 500,2006-11-05"
"Jacob,Parker,2007-10-04,qyates@robbins.org,+48 012 215 938,2009-10-01"
"April,Suarez,1969-06-23,hcooper@yahoo.com,+48 116 140 114,2009-01-08"
"Danielle,Alvarez,2009-08-05,xgreen@yahoo.com,+48 591 673 990,2017-03-09"
"Scott,Smith,1915-10-10,austinkeith@yahoo.com,+48 152 349 537,2002-11-02"
